Workbook

Sheet Instructions
A1: Viva Grading Workbook
A2: R26-SE-025 | SLIIT | Automated Viva Assessment System validation
A4: How to use
A5: 1. Go to the "Marking" sheet. Fill ONE ROW PER RECORDED VIVA. Only the yellow cells are for you; grey cells calculate automatically.
A6: 2. Mark each recording independently, from what you see and hear, using the Viva Marking Sheet anchors (0-10 per item).
A7: 3. For Component C, enter the pace band and the tallies you counted (hedge phrases, filler words, silences over 2 seconds) and the approximate % of sentences completed. The sheet converts them with the same formulas as the system.
A8: 4. If you cannot judge an item, leave it blank. Blank items are left out of the average, exactly as the system leaves out unavailable signals.
A9: 5. Enter the Technical accuracy mark (/10) only if you choose the mode "With technical accuracy".
A10: 6. Give your Holistic mark (/100) from your overall impression, without using the formulas, and say whether you would publish the system mark.
A12: How the final mark is calculated (same as the system)
A13: Component A (Engagement) = average of A1-A5 x 10
A14: Component B (Voice quality) = (B1 + B2 + B3 + 0.5 x B4) / 3.5 x 10 (emotional tone counts half)
... A25: Run each video through the system with the same scorer version (v1.2) and keep the same Video ID in both sheets.

Sheet Marking
A1: Viva Marking - examiner marks (one row per recorded viva)
A2: Examiner: | C2: Date:
A3: Recording | D3: A. Engagement (items 0-10) | J3: B. Voice quality (items 0-10) | O3: C. Speech delivery (tallies and converted scores) | Z3: Final | AD3: Examiner judgement
A4: Video ID | B4: Subject code | C4: Mode | D4: A1 Attentiveness | E4: A2 Eye contact | F4: A3 Facial expression | G4: A4 Head steadiness | H4: A5 Natural blinking | I4: A. Engagement /100 | J4: B1 Pitch stability | K4: B2 Voice clarity | L4: B3 Voice smoothness | M4: B4 Tone of voice (half weight) | N4: B. Voice /100 | O4: Pace band | P4: Hedges (n) | Q4: Fillers (n) | R4: Long pauses >2s (n) | S4: Sentences completed (%) | T4: Pace score | U4: Hedge score | V4: Filler score | W4: Pause score | X4: Completion score | Y4: C. Speech /100 | Z4: AI-equivalent /100 | AA4: Technical /10 | AB4: FINAL /100 | AC4: Grade | AD4: Holistic mark /100 | AE4: Publish system mark? | AF4: Comments
I5: =IF(COUNT(D5:H5)=0,"",ROUND(AVERAGE(D5:H5)*10,2)) | N5: =IF(COUNT(J5:L5)=0,"",ROUND((SUM(J5:L5)+0.5*N(M5))/(COUNT(J5:L5)+0.5*COUNT(M5))*10,2)) | T5: =IF(O5="In band",10,IF(OR(O5="Too slow",O5="Too fast"),6.5,"")) | U5: =IF(P5="","",ROUND(10*MAX(0,1-P5/8),2)) | V5: =IF(Q5="","",ROUND(10*MAX(0,1-Q5/12),2)) | W5: =IF(R5="","",ROUND(10*MAX(0,1-R5/6),2)) | X5: =IF(S5="","",ROUND(MIN(10,MAX(0,S5/10)),2)) | Y5: =IF(COUNT(T5:X5)=0,"",ROUND(AVERAGE(T5:X5)*10,2)) | Z5: =IF(COUNT(I5,N5,Y5)=0,"",ROUND(AVERAGE(I5,N5,Y5),2)) | AB5: =IF(Z5="","",IF(AND(C5="With technical accuracy",NOT(ISNUMBER(AA5))),"Enter technical",ROUND(IF(AND(C5="With technical accuracy",ISNUMBER(AA5)),0.5*Z5+0.5*AA5*10,Z5),2))) | AC5: =IF(NOT(ISNUMBER(AB5)),"",IF(AB5>=90,"A+",IF(AB5>=80,"A",IF(AB5>=70,"B+",IF(AB5>=60,"B",IF(AB5>=50,"C+",IF(AB5>=40,"C","F")))))))
I6: =IF(COUNT(D6:H6)=0,"",ROUND(AVERAGE(D6:H6)*10,2)) | N6: =IF(COUNT(J6:L6)=0,"",ROUND((SUM(J6:L6)+0.5*N(M6))/(COUNT(J6:L6)+0.5*COUNT(M6))*10,2)) | T6: =IF(O6="In band",10,IF(OR(O6="Too slow",O6="Too fast"),6.5,"")) | U6: =IF(P6="","",ROUND(10*MAX(0,1-P6/8),2)) | V6: =IF(Q6="","",ROUND(10*MAX(0,1-Q6/12),2)) | W6: =IF(R6="","",ROUND(10*MAX(0,1-R6/6),2)) | X6: =IF(S6="","",ROUND(MIN(10,MAX(0,S6/10)),2)) | Y6: =IF(COUNT(T6:X6)=0,"",ROUND(AVERAGE(T6:X6)*10,2)) | Z6: =IF(COUNT(I6,N6,Y6)=0,"",ROUND(AVERAGE(I6,N6,Y6),2)) | AB6: =IF(Z6="","",IF(AND(C6="With technical accuracy",NOT(ISNUMBER(AA6))),"Enter technical",ROUND(IF(AND(C6="With technical accuracy",ISNUMBER(AA6)),0.5*Z6+0.5*AA6*10,Z6),2))) | AC6: =IF(NOT(ISNUMBER(AB6)),"",IF(AB6>=90,"A+",IF(AB6>=80,"A",IF(AB6>=70,"B+",IF(AB6>=60,"B",IF(AB6>=50,"C+",IF(AB6>=40,"C","F")))))))
I7: =IF(COUNT(D7:H7)=0,"",ROUND(AVERAGE(D7:H7)*10,2)) | N7: =IF(COUNT(J7:L7)=0,"",ROUND((SUM(J7:L7)+0.5*N(M7))/(COUNT(J7:L7)+0.5*COUNT(M7))*10,2)) | T7: =IF(O7="In band",10,IF(OR(O7="Too slow",O7="Too fast"),6.5,"")) | U7: =IF(P7="","",ROUND(10*MAX(0,1-P7/8),2)) | V7: =IF(Q7="","",ROUND(10*MAX(0,1-Q7/12),2)) | W7: =IF(R7="","",ROUND(10*MAX(0,1-R7/6),2)) | X7: =IF(S7="","",ROUND(MIN(10,MAX(0,S7/10)),2)) | Y7: =IF(COUNT(T7:X7)=0,"",ROUND(AVERAGE(T7:X7)*10,2)) | Z7: =IF(COUNT(I7,N7,Y7)=0,"",ROUND(AVERAGE(I7,N7,Y7),2)) | AB7: =IF(Z7="","",IF(AND(C7="With technical accuracy",NOT(ISNUMBER(AA7))),"Enter technical",ROUND(IF(AND(C7="With technical accuracy",ISNUMBER(AA7)),0.5*Z7+0.5*AA7*10,Z7),2))) | AC7: =IF(NOT(ISNUMBER(AB7)),"",IF(AB7>=90,"A+",IF(AB7>=80,"A",IF(AB7>=70,"B+",IF(AB7>=60,"B",IF(AB7>=50,"C+",IF(AB7>=40,"C","F")))))))
I8: =IF(COUNT(D8:H8)=0,"",ROUND(AVERAGE(D8:H8)*10,2)) | N8: =IF(COUNT(J8:L8)=0,"",ROUND((SUM(J8:L8)+0.5*N(M8))/(COUNT(J8:L8)+0.5*COUNT(M8))*10,2)) | T8: =IF(O8="In band",10,IF(OR(O8="Too slow",O8="Too fast"),6.5,"")) | U8: =IF(P8="","",ROUND(10*MAX(0,1-P8/8),2)) | V8: =IF(Q8="","",ROUND(10*MAX(0,1-Q8/12),2)) | W8: =IF(R8="","",ROUND(10*MAX(0,1-R8/6),2)) | X8: =IF(S8="","",ROUND(MIN(10,MAX(0,S8/10)),2)) | Y8: =IF(COUNT(T8:X8)=0,"",ROUND(AVERAGE(T8:X8)*10,2)) | Z8: =IF(COUNT(I8,N8,Y8)=0,"",ROUND(AVERAGE(I8,N8,Y8),2)) | AB8: =IF(Z8="","",IF(AND(C8="With technical accuracy",NOT(ISNUMBER(AA8))),"Enter technical",ROUND(IF(AND(C8="With technical accuracy",ISNUMBER(AA8)),0.5*Z8+0.5*AA8*10,Z8),2))) | AC8: =IF(NOT(ISNUMBER(AB8)),"",IF(AB8>=90,"A+",IF(AB8>=80,"A",IF(AB8>=70,"B+",IF(AB8>=60,"B",IF(AB8>=50,"C+",IF(AB8>=40,"C","F")))))))
I9: =IF(COUNT(D9:H9)=0,"",ROUND(AVERAGE(D9:H9)*10,2)) | N9: =IF(COUNT(J9:L9)=0,"",ROUND((SUM(J9:L9)+0.5*N(M9))/(COUNT(J9:L9)+0.5*COUNT(M9))*10,2)) | T9: =IF(O9="In band",10,IF(OR(O9="Too slow",O9="Too fast"),6.5,"")) | U9: =IF(P9="","",ROUND(10*MAX(0,1-P9/8),2)) | V9: =IF(Q9="","",ROUND(10*MAX(0,1-Q9/12),2)) | W9: =IF(R9="","",ROUND(10*MAX(0,1-R9/6),2)) | X9: =IF(S9="","",ROUND(MIN(10,MAX(0,S9/10)),2)) | Y9: =IF(COUNT(T9:X9)=0,"",ROUND(AVERAGE(T9:X9)*10,2)) | Z9: =IF(COUNT(I9,N9,Y9)=0,"",ROUND(AVERAGE(I9,N9,Y9),2)) | AB9: =IF(Z9="","",IF(AND(C9="With technical accuracy",NOT(ISNUMBER(AA9))),"Enter technical",ROUND(IF(AND(C9="With technical accuracy",ISNUMBER(AA9)),0.5*Z9+0.5*AA9*10,Z9),2))) | AC9: =IF(NOT(ISNUMBER(AB9)),"",IF(AB9>=90,"A+",IF(AB9>=80,"A",IF(AB9>=70,"B+",IF(AB9>=60,"B",IF(AB9>=50,"C+",IF(AB9>=40,"C","F")))))))
I10: =IF(COUNT(D10:H10)=0,"",ROUND(AVERAGE(D10:H10)*10,2)) | N10: =IF(COUNT(J10:L10)=0,"",ROUND((SUM(J10:L10)+0.5*N(M10))/(COUNT(J10:L10)+0.5*COUNT(M10))*10,2)) | T10: =IF(O10="In band",10,IF(OR(O10="Too slow",O10="Too fast"),6.5,"")) | U10: =IF(P10="","",ROUND(10*MAX(0,1-P10/8),2)) | V10: =IF(Q10="","",ROUND(10*MAX(0,1-Q10/12),2)) | W10: =IF(R10="","",ROUND(10*MAX(0,1-R10/6),2)) | X10: =IF(S10="","",ROUND(MIN(10,MAX(0,S10/10)),2)) | Y10: =IF(COUNT(T10:X10)=0,"",ROUND(AVERAGE(T10:X10)*10,2)) | Z10: =IF(COUNT(I10,N10,Y10)=0,"",ROUND(AVERAGE(I10,N10,Y10),2)) | AB10: =IF(Z10="","",IF(AND(C10="With technical accuracy",NOT(ISNUMBER(AA10))),"Enter technical",ROUND(IF(AND(C10="With technical accuracy",ISNUMBER(AA10)),0.5*Z10+0.5*AA10*10,Z10),2))) | AC10: =IF(NOT(ISNUMBER(AB10)),"",IF(AB10>=90,"A+",IF(AB10>=80,"A",IF(AB10>=70,"B+",IF(AB10>=60,"B",IF(AB10>=50,"C+",IF(AB10>=40,"C","F")))))))
I11: =IF(COUNT(D11:H11)=0,"",ROUND(AVERAGE(D11:H11)*10,2)) | N11: =IF(COUNT(J11:L11)=0,"",ROUND((SUM(J11:L11)+0.5*N(M11))/(COUNT(J11:L11)+0.5*COUNT(M11))*10,2)) | T11: =IF(O11="In band",10,IF(OR(O11="Too slow",O11="Too fast"),6.5,"")) | U11: =IF(P11="","",ROUND(10*MAX(0,1-P11/8),2)) | V11: =IF(Q11="","",ROUND(10*MAX(0,1-Q11/12),2)) | W11: =IF(R11="","",ROUND(10*MAX(0,1-R11/6),2)) | X11: =IF(S11="","",ROUND(MIN(10,MAX(0,S11/10)),2)) | Y11: =IF(COUNT(T11:X11)=0,"",ROUND(AVERAGE(T11:X11)*10,2)) | Z11: =IF(COUNT(I11,N11,Y11)=0,"",ROUND(AVERAGE(I11,N11,Y11),2)) | AB11: =IF(Z11="","",IF(AND(C11="With technical accuracy",NOT(ISNUMBER(AA11))),"Enter technical",ROUND(IF(AND(C11="With technical accuracy",ISNUMBER(AA11)),0.5*Z11+0.5*AA11*10,Z11),2))) | AC11: =IF(NOT(ISNUMBER(AB11)),"",IF(AB11>=90,"A+",IF(AB11>=80,"A",IF(AB11>=70,"B+",IF(AB11>=60,"B",IF(AB11>=50,"C+",IF(AB11>=40,"C","F")))))))
I12: =IF(COUNT(D12:H12)=0,"",ROUND(AVERAGE(D12:H12)*10,2)) | N12: =IF(COUNT(J12:L12)=0,"",ROUND((SUM(J12:L12)+0.5*N(M12))/(COUNT(J12:L12)+0.5*COUNT(M12))*10,2)) | T12: =IF(O12="In band",10,IF(OR(O12="Too slow",O12="Too fast"),6.5,"")) | U12: =IF(P12="","",ROUND(10*MAX(0,1-P12/8),2)) | V12: =IF(Q12="","",ROUND(10*MAX(0,1-Q12/12),2)) | W12: =IF(R12="","",ROUND(10*MAX(0,1-R12/6),2)) | X12: =IF(S12="","",ROUND(MIN(10,MAX(0,S12/10)),2)) | Y12: =IF(COUNT(T12:X12)=0,"",ROUND(AVERAGE(T12:X12)*10,2)) | Z12: =IF(COUNT(I12,N12,Y12)=0,"",ROUND(AVERAGE(I12,N12,Y12),2)) | AB12: =IF(Z12="","",IF(AND(C12="With technical accuracy",NOT(ISNUMBER(AA12))),"Enter technical",ROUND(IF(AND(C12="With technical accuracy",ISNUMBER(AA12)),0.5*Z12+0.5*AA12*10,Z12),2))) | AC12: =IF(NOT(ISNUMBER(AB12)),"",IF(AB12>=90,"A+",IF(AB12>=80,"A",IF(AB12>=70,"B+",IF(AB12>=60,"B",IF(AB12>=50,"C+",IF(AB12>=40,"C","F")))))))
I13: =IF(COUNT(D13:H13)=0,"",ROUND(AVERAGE(D13:H13)*10,2)) | N13: =IF(COUNT(J13:L13)=0,"",ROUND((SUM(J13:L13)+0.5*N(M13))/(COUNT(J13:L13)+0.5*COUNT(M13))*10,2)) | T13: =IF(O13="In band",10,IF(OR(O13="Too slow",O13="Too fast"),6.5,"")) | U13: =IF(P13="","",ROUND(10*MAX(0,1-P13/8),2)) | V13: =IF(Q13="","",ROUND(10*MAX(0,1-Q13/12),2)) | W13: =IF(R13="","",ROUND(10*MAX(0,1-R13/6),2)) | X13: =IF(S13="","",ROUND(MIN(10,MAX(0,S13/10)),2)) | Y13: =IF(COUNT(T13:X13)=0,"",ROUND(AVERAGE(T13:X13)*10,2)) | Z13: =IF(COUNT(I13,N13,Y13)=0,"",ROUND(AVERAGE(I13,N13,Y13),2)) | AB13: =IF(Z13="","",IF(AND(C13="With technical accuracy",NOT(ISNUMBER(AA13))),"Enter technical",ROUND(IF(AND(C13="With technical accuracy",ISNUMBER(AA13)),0.5*Z13+0.5*AA13*10,Z13),2))) | AC13: =IF(NOT(ISNUMBER(AB13)),"",IF(AB13>=90,"A+",IF(AB13>=80,"A",IF(AB13>=70,"B+",IF(AB13>=60,"B",IF(AB13>=50,"C+",IF(AB13>=40,"C","F")))))))
I14: =IF(COUNT(D14:H14)=0,"",ROUND(AVERAGE(D14:H14)*10,2)) | N14: =IF(COUNT(J14:L14)=0,"",ROUND((SUM(J14:L14)+0.5*N(M14))/(COUNT(J14:L14)+0.5*COUNT(M14))*10,2)) | T14: =IF(O14="In band",10,IF(OR(O14="Too slow",O14="Too fast"),6.5,"")) | U14: =IF(P14="","",ROUND(10*MAX(0,1-P14/8),2)) | V14: =IF(Q14="","",ROUND(10*MAX(0,1-Q14/12),2)) | W14: =IF(R14="","",ROUND(10*MAX(0,1-R14/6),2)) | X14: =IF(S14="","",ROUND(MIN(10,MAX(0,S14/10)),2)) | Y14: =IF(COUNT(T14:X14)=0,"",ROUND(AVERAGE(T14:X14)*10,2)) | Z14: =IF(COUNT(I14,N14,Y14)=0,"",ROUND(AVERAGE(I14,N14,Y14),2)) | AB14: =IF(Z14="","",IF(AND(C14="With technical accuracy",NOT(ISNUMBER(AA14))),"Enter technical",ROUND(IF(AND(C14="With technical accuracy",ISNUMBER(AA14)),0.5*Z14+0.5*AA14*10,Z14),2))) | AC14: =IF(NOT(ISNUMBER(AB14)),"",IF(AB14>=90,"A+",IF(AB14>=80,"A",IF(AB14>=70,"B+",IF(AB14>=60,"B",IF(AB14>=50,"C+",IF(AB14>=40,"C","F")))))))
I15: =IF(COUNT(D15:H15)=0,"",ROUND(AVERAGE(D15:H15)*10,2)) | N15: =IF(COUNT(J15:L15)=0,"",ROUND((SUM(J15:L15)+0.5*N(M15))/(COUNT(J15:L15)+0.5*COUNT(M15))*10,2)) | T15: =IF(O15="In band",10,IF(OR(O15="Too slow",O15="Too fast"),6.5,"")) | U15: =IF(P15="","",ROUND(10*MAX(0,1-P15/8),2)) | V15: =IF(Q15="","",ROUND(10*MAX(0,1-Q15/12),2)) | W15: =IF(R15="","",ROUND(10*MAX(0,1-R15/6),2)) | X15: =IF(S15="","",ROUND(MIN(10,MAX(0,S15/10)),2)) | Y15: =IF(COUNT(T15:X15)=0,"",ROUND(AVERAGE(T15:X15)*10,2)) | Z15: =IF(COUNT(I15,N15,Y15)=0,"",ROUND(AVERAGE(I15,N15,Y15),2)) | AB15: =IF(Z15="","",IF(AND(C15="With technical accuracy",NOT(ISNUMBER(AA15))),"Enter technical",ROUND(IF(AND(C15="With technical accuracy",ISNUMBER(AA15)),0.5*Z15+0.5*AA15*10,Z15),2))) | AC15: =IF(NOT(ISNUMBER(AB15)),"",IF(AB15>=90,"A+",IF(AB15>=80,"A",IF(AB15>=70,"B+",IF(AB15>=60,"B",IF(AB15>=50,"C+",IF(AB15>=40,"C","F")))))))
I16: =IF(COUNT(D16:H16)=0,"",ROUND(AVERAGE(D16:H16)*10,2)) | N16: =IF(COUNT(J16:L16)=0,"",ROUND((SUM(J16:L16)+0.5*N(M16))/(COUNT(J16:L16)+0.5*COUNT(M16))*10,2)) | T16: =IF(O16="In band",10,IF(OR(O16="Too slow",O16="Too fast"),6.5,"")) | U16: =IF(P16="","",ROUND(10*MAX(0,1-P16/8),2)) | V16: =IF(Q16="","",ROUND(10*MAX(0,1-Q16/12),2)) | W16: =IF(R16="","",ROUND(10*MAX(0,1-R16/6),2)) | X16: =IF(S16="","",ROUND(MIN(10,MAX(0,S16/10)),2)) | Y16: =IF(COUNT(T16:X16)=0,"",ROUND(AVERAGE(T16:X16)*10,2)) | Z16: =IF(COUNT(I16,N16,Y16)=0,"",ROUND(AVERAGE(I16,N16,Y16),2)) | AB16: =IF(Z16="","",IF(AND(C16="With technical accuracy",NOT(ISNUMBER(AA16))),"Enter technical",ROUND(IF(AND(C16="With technical accuracy",ISNUMBER(AA16)),0.5*Z16+0.5*AA16*10,Z16),2))) | AC16: =IF(NOT(ISNUMBER(AB16)),"",IF(AB16>=90,"A+",IF(AB16>=80,"A",IF(AB16>=70,"B+",IF(AB16>=60,"B",IF(AB16>=50,"C+",IF(AB16>=40,"C","F")))))))
... I24: =IF(COUNT(D24:H24)=0,"",ROUND(AVERAGE(D24:H24)*10,2)) | N24: =IF(COUNT(J24:L24)=0,"",ROUND((SUM(J24:L24)+0.5*N(M24))/(COUNT(J24:L24)+0.5*COUNT(M24))*10,2)) | T24: =IF(O24="In band",10,IF(OR(O24="Too slow",O24="Too fast"),6.5,"")) | U24: =IF(P24="","",ROUND(10*MAX(0,1-P24/8),2)) | V24: =IF(Q24="","",ROUND(10*MAX(0,1-Q24/12),2)) | W24: =IF(R24="","",ROUND(10*MAX(0,1-R24/6),2)) | X24: =IF(S24="","",ROUND(MIN(10,MAX(0,S24/10)),2)) | Y24: =IF(COUNT(T24:X24)=0,"",ROUND(AVERAGE(T24:X24)*10,2)) | Z24: =IF(COUNT(I24,N24,Y24)=0,"",ROUND(AVERAGE(I24,N24,Y24),2)) | AB24: =IF(Z24="","",IF(AND(C24="With technical accuracy",NOT(ISNUMBER(AA24))),"Enter technical",ROUND(IF(AND(C24="With technical accuracy",ISNUMBER(AA24)),0.5*Z24+0.5*AA24*10,Z24),2))) | AC24: =IF(NOT(ISNUMBER(AB24)),"",IF(AB24>=90,"A+",IF(AB24>=80,"A",IF(AB24>=70,"B+",IF(AB24>=60,"B",IF(AB24>=50,"C+",IF(AB24>=40,"C","F")))))))

Sheet System
A1: System results (paste from the Viva Assessment page, scorer v1.2)
A2: Use the same Video ID as on the Marking sheet. Component scores are the family scores out of 100.
A4: Video ID | B4: Engagement /100 | C4: Audio /100 | D4: Transcript /100 | E4: AI performance /100 | F4: Technical /10 | G4: Final /100 | H4: Grade | I4: Status | J4: Notes
A5: =IF(Marking!A5="","",Marking!A5)
A6: =IF(Marking!A6="","",Marking!A6)
A7: =IF(Marking!A7="","",Marking!A7)
A8: =IF(Marking!A8="","",Marking!A8)
A9: =IF(Marking!A9="","",Marking!A9)
A10: =IF(Marking!A10="","",Marking!A10)
A11: =IF(Marking!A11="","",Marking!A11)
A12: =IF(Marking!A12="","",Marking!A12)
A13: =IF(Marking!A13="","",Marking!A13)
A14: =IF(Marking!A14="","",Marking!A14)
A15: =IF(Marking!A15="","",Marking!A15)
A16: =IF(Marking!A16="","",Marking!A16)
... A24: =IF(Marking!A24="","",Marking!A24)

Sheet Comparison
A1: Examiner vs system comparison (fills in automatically)
A2: Difference = System minus Examiner. Positive means the system marked higher than the lecturer.
A4: Video ID | B4: Engagement: Examiner | C4: Engagement: System | D4: Engagement: Diff | E4: Voice / Audio: Examiner | F4: Voice / Audio: System | G4: Voice / Audio: Diff | H4: Speech / Transcript: Examiner | I4: Speech / Transcript: System | J4: Speech / Transcript: Diff | K4: Final: Examiner | L4: Final: System | M4: Final: Diff | N4: Final abs diff | O4: Examiner grade | P4: System grade | Q4: Grade match | R4: Holistic (examiner) | S4: Holistic vs System diff | T4: Eng abs | U4: Audio abs | V4: Speech abs
A5: =IF(Marking!A5="","",Marking!A5) | B5: =IF(ISNUMBER(Marking!I5),Marking!I5,"") | C5: =IF(ISNUMBER(System!B5),System!B5,"") | D5: =IF(AND(ISNUMBER(B5),ISNUMBER(C5)),ROUND(C5-B5,2),"") | E5: =IF(ISNUMBER(Marking!N5),Marking!N5,"") | F5: =IF(ISNUMBER(System!C5),System!C5,"") | G5: =IF(AND(ISNUMBER(E5),ISNUMBER(F5)),ROUND(F5-E5,2),"") | H5: =IF(ISNUMBER(Marking!Y5),Marking!Y5,"") | I5: =IF(ISNUMBER(System!D5),System!D5,"") | J5: =IF(AND(ISNUMBER(H5),ISNUMBER(I5)),ROUND(I5-H5,2),"") | K5: =IF(ISNUMBER(Marking!AB5),Marking!AB5,"") | L5: =IF(ISNUMBER(System!G5),System!G5,"") | M5: =IF(AND(ISNUMBER(K5),ISNUMBER(L5)),ROUND(L5-K5,2),"") | N5: =IF(ISNUMBER(M5),ABS(M5),"") | O5: =IF(Marking!AC5="","",Marking!AC5) | P5: =IF(System!H5="","",System!H5) | Q5: =IF(AND(O5<>"",P5<>""),IF(O5=P5,"Yes","No"),"") | R5: =IF(ISNUMBER(Marking!AD5),Marking!AD5,"") | S5: =IF(AND(ISNUMBER(R5),ISNUMBER(L5)),ROUND(L5-R5,2),"") | T5: =IF(ISNUMBER(D5),ABS(D5),"") | U5: =IF(ISNUMBER(G5),ABS(G5),"") | V5: =IF(ISNUMBER(J5),ABS(J5),"")
A6: =IF(Marking!A6="","",Marking!A6) | B6: =IF(ISNUMBER(Marking!I6),Marking!I6,"") | C6: =IF(ISNUMBER(System!B6),System!B6,"") | D6: =IF(AND(ISNUMBER(B6),ISNUMBER(C6)),ROUND(C6-B6,2),"") | E6: =IF(ISNUMBER(Marking!N6),Marking!N6,"") | F6: =IF(ISNUMBER(System!C6),System!C6,"") | G6: =IF(AND(ISNUMBER(E6),ISNUMBER(F6)),ROUND(F6-E6,2),"") | H6: =IF(ISNUMBER(Marking!Y6),Marking!Y6,"") | I6: =IF(ISNUMBER(System!D6),System!D6,"") | J6: =IF(AND(ISNUMBER(H6),ISNUMBER(I6)),ROUND(I6-H6,2),"") | K6: =IF(ISNUMBER(Marking!AB6),Marking!AB6,"") | L6: =IF(ISNUMBER(System!G6),System!G6,"") | M6: =IF(AND(ISNUMBER(K6),ISNUMBER(L6)),ROUND(L6-K6,2),"") | N6: =IF(ISNUMBER(M6),ABS(M6),"") | O6: =IF(Marking!AC6="","",Marking!AC6) | P6: =IF(System!H6="","",System!H6) | Q6: =IF(AND(O6<>"",P6<>""),IF(O6=P6,"Yes","No"),"") | R6: =IF(ISNUMBER(Marking!AD6),Marking!AD6,"") | S6: =IF(AND(ISNUMBER(R6),ISNUMBER(L6)),ROUND(L6-R6,2),"") | T6: =IF(ISNUMBER(D6),ABS(D6),"") | U6: =IF(ISNUMBER(G6),ABS(G6),"") | V6: =IF(ISNUMBER(J6),ABS(J6),"")
A7: =IF(Marking!A7="","",Marking!A7) | B7: =IF(ISNUMBER(Marking!I7),Marking!I7,"") | C7: =IF(ISNUMBER(System!B7),System!B7,"") | D7: =IF(AND(ISNUMBER(B7),ISNUMBER(C7)),ROUND(C7-B7,2),"") | E7: =IF(ISNUMBER(Marking!N7),Marking!N7,"") | F7: =IF(ISNUMBER(System!C7),System!C7,"") | G7: =IF(AND(ISNUMBER(E7),ISNUMBER(F7)),ROUND(F7-E7,2),"") | H7: =IF(ISNUMBER(Marking!Y7),Marking!Y7,"") | I7: =IF(ISNUMBER(System!D7),System!D7,"") | J7: =IF(AND(ISNUMBER(H7),ISNUMBER(I7)),ROUND(I7-H7,2),"") | K7: =IF(ISNUMBER(Marking!AB7),Marking!AB7,"") | L7: =IF(ISNUMBER(System!G7),System!G7,"") | M7: =IF(AND(ISNUMBER(K7),ISNUMBER(L7)),ROUND(L7-K7,2),"") | N7: =IF(ISNUMBER(M7),ABS(M7),"") | O7: =IF(Marking!AC7="","",Marking!AC7) | P7: =IF(System!H7="","",System!H7) | Q7: =IF(AND(O7<>"",P7<>""),IF(O7=P7,"Yes","No"),"") | R7: =IF(ISNUMBER(Marking!AD7),Marking!AD7,"") | S7: =IF(AND(ISNUMBER(R7),ISNUMBER(L7)),ROUND(L7-R7,2),"") | T7: =IF(ISNUMBER(D7),ABS(D7),"") | U7: =IF(ISNUMBER(G7),ABS(G7),"") | V7: =IF(ISNUMBER(J7),ABS(J7),"")
A8: =IF(Marking!A8="","",Marking!A8) | B8: =IF(ISNUMBER(Marking!I8),Marking!I8,"") | C8: =IF(ISNUMBER(System!B8),System!B8,"") | D8: =IF(AND(ISNUMBER(B8),ISNUMBER(C8)),ROUND(C8-B8,2),"") | E8: =IF(ISNUMBER(Marking!N8),Marking!N8,"") | F8: =IF(ISNUMBER(System!C8),System!C8,"") | G8: =IF(AND(ISNUMBER(E8),ISNUMBER(F8)),ROUND(F8-E8,2),"") | H8: =IF(ISNUMBER(Marking!Y8),Marking!Y8,"") | I8: =IF(ISNUMBER(System!D8),System!D8,"") | J8: =IF(AND(ISNUMBER(H8),ISNUMBER(I8)),ROUND(I8-H8,2),"") | K8: =IF(ISNUMBER(Marking!AB8),Marking!AB8,"") | L8: =IF(ISNUMBER(System!G8),System!G8,"") | M8: =IF(AND(ISNUMBER(K8),ISNUMBER(L8)),ROUND(L8-K8,2),"") | N8: =IF(ISNUMBER(M8),ABS(M8),"") | O8: =IF(Marking!AC8="","",Marking!AC8) | P8: =IF(System!H8="","",System!H8) | Q8: =IF(AND(O8<>"",P8<>""),IF(O8=P8,"Yes","No"),"") | R8: =IF(ISNUMBER(Marking!AD8),Marking!AD8,"") | S8: =IF(AND(ISNUMBER(R8),ISNUMBER(L8)),ROUND(L8-R8,2),"") | T8: =IF(ISNUMBER(D8),ABS(D8),"") | U8: =IF(ISNUMBER(G8),ABS(G8),"") | V8: =IF(ISNUMBER(J8),ABS(J8),"")
A9: =IF(Marking!A9="","",Marking!A9) | B9: =IF(ISNUMBER(Marking!I9),Marking!I9,"") | C9: =IF(ISNUMBER(System!B9),System!B9,"") | D9: =IF(AND(ISNUMBER(B9),ISNUMBER(C9)),ROUND(C9-B9,2),"") | E9: =IF(ISNUMBER(Marking!N9),Marking!N9,"") | F9: =IF(ISNUMBER(System!C9),System!C9,"") | G9: =IF(AND(ISNUMBER(E9),ISNUMBER(F9)),ROUND(F9-E9,2),"") | H9: =IF(ISNUMBER(Marking!Y9),Marking!Y9,"") | I9: =IF(ISNUMBER(System!D9),System!D9,"") | J9: =IF(AND(ISNUMBER(H9),ISNUMBER(I9)),ROUND(I9-H9,2),"") | K9: =IF(ISNUMBER(Marking!AB9),Marking!AB9,"") | L9: =IF(ISNUMBER(System!G9),System!G9,"") | M9: =IF(AND(ISNUMBER(K9),ISNUMBER(L9)),ROUND(L9-K9,2),"") | N9: =IF(ISNUMBER(M9),ABS(M9),"") | O9: =IF(Marking!AC9="","",Marking!AC9) | P9: =IF(System!H9="","",System!H9) | Q9: =IF(AND(O9<>"",P9<>""),IF(O9=P9,"Yes","No"),"") | R9: =IF(ISNUMBER(Marking!AD9),Marking!AD9,"") | S9: =IF(AND(ISNUMBER(R9),ISNUMBER(L9)),ROUND(L9-R9,2),"") | T9: =IF(ISNUMBER(D9),ABS(D9),"") | U9: =IF(ISNUMBER(G9),ABS(G9),"") | V9: =IF(ISNUMBER(J9),ABS(J9),"")
A10: =IF(Marking!A10="","",Marking!A10) | B10: =IF(ISNUMBER(Marking!I10),Marking!I10,"") | C10: =IF(ISNUMBER(System!B10),System!B10,"") | D10: =IF(AND(ISNUMBER(B10),ISNUMBER(C10)),ROUND(C10-B10,2),"") | E10: =IF(ISNUMBER(Marking!N10),Marking!N10,"") | F10: =IF(ISNUMBER(System!C10),System!C10,"") | G10: =IF(AND(ISNUMBER(E10),ISNUMBER(F10)),ROUND(F10-E10,2),"") | H10: =IF(ISNUMBER(Marking!Y10),Marking!Y10,"") | I10: =IF(ISNUMBER(System!D10),System!D10,"") | J10: =IF(AND(ISNUMBER(H10),ISNUMBER(I10)),ROUND(I10-H10,2),"") | K10: =IF(ISNUMBER(Marking!AB10),Marking!AB10,"") | L10: =IF(ISNUMBER(System!G10),System!G10,"") | M10: =IF(AND(ISNUMBER(K10),ISNUMBER(L10)),ROUND(L10-K10,2),"") | N10: =IF(ISNUMBER(M10),ABS(M10),"") | O10: =IF(Marking!AC10="","",Marking!AC10) | P10: =IF(System!H10="","",System!H10) | Q10: =IF(AND(O10<>"",P10<>""),IF(O10=P10,"Yes","No"),"") | R10: =IF(ISNUMBER(Marking!AD10),Marking!AD10,"") | S10: =IF(AND(ISNUMBER(R10),ISNUMBER(L10)),ROUND(L10-R10,2),"") | T10: =IF(ISNUMBER(D10),ABS(D10),"") | U10: =IF(ISNUMBER(G10),ABS(G10),"") | V10: =IF(ISNUMBER(J10),ABS(J10),"")
A11: =IF(Marking!A11="","",Marking!A11) | B11: =IF(ISNUMBER(Marking!I11),Marking!I11,"") | C11: =IF(ISNUMBER(System!B11),System!B11,"") | D11: =IF(AND(ISNUMBER(B11),ISNUMBER(C11)),ROUND(C11-B11,2),"") | E11: =IF(ISNUMBER(Marking!N11),Marking!N11,"") | F11: =IF(ISNUMBER(System!C11),System!C11,"") | G11: =IF(AND(ISNUMBER(E11),ISNUMBER(F11)),ROUND(F11-E11,2),"") | H11: =IF(ISNUMBER(Marking!Y11),Marking!Y11,"") | I11: =IF(ISNUMBER(System!D11),System!D11,"") | J11: =IF(AND(ISNUMBER(H11),ISNUMBER(I11)),ROUND(I11-H11,2),"") | K11: =IF(ISNUMBER(Marking!AB11),Marking!AB11,"") | L11: =IF(ISNUMBER(System!G11),System!G11,"") | M11: =IF(AND(ISNUMBER(K11),ISNUMBER(L11)),ROUND(L11-K11,2),"") | N11: =IF(ISNUMBER(M11),ABS(M11),"") | O11: =IF(Marking!AC11="","",Marking!AC11) | P11: =IF(System!H11="","",System!H11) | Q11: =IF(AND(O11<>"",P11<>""),IF(O11=P11,"Yes","No"),"") | R11: =IF(ISNUMBER(Marking!AD11),Marking!AD11,"") | S11: =IF(AND(ISNUMBER(R11),ISNUMBER(L11)),ROUND(L11-R11,2),"") | T11: =IF(ISNUMBER(D11),ABS(D11),"") | U11: =IF(ISNUMBER(G11),ABS(G11),"") | V11: =IF(ISNUMBER(J11),ABS(J11),"")
A12: =IF(Marking!A12="","",Marking!A12) | B12: =IF(ISNUMBER(Marking!I12),Marking!I12,"") | C12: =IF(ISNUMBER(System!B12),System!B12,"") | D12: =IF(AND(ISNUMBER(B12),ISNUMBER(C12)),ROUND(C12-B12,2),"") | E12: =IF(ISNUMBER(Marking!N12),Marking!N12,"") | F12: =IF(ISNUMBER(System!C12),System!C12,"") | G12: =IF(AND(ISNUMBER(E12),ISNUMBER(F12)),ROUND(F12-E12,2),"") | H12: =IF(ISNUMBER(Marking!Y12),Marking!Y12,"") | I12: =IF(ISNUMBER(System!D12),System!D12,"") | J12: =IF(AND(ISNUMBER(H12),ISNUMBER(I12)),ROUND(I12-H12,2),"") | K12: =IF(ISNUMBER(Marking!AB12),Marking!AB12,"") | L12: =IF(ISNUMBER(System!G12),System!G12,"") | M12: =IF(AND(ISNUMBER(K12),ISNUMBER(L12)),ROUND(L12-K12,2),"") | N12: =IF(ISNUMBER(M12),ABS(M12),"") | O12: =IF(Marking!AC12="","",Marking!AC12) | P12: =IF(System!H12="","",System!H12) | Q12: =IF(AND(O12<>"",P12<>""),IF(O12=P12,"Yes","No"),"") | R12: =IF(ISNUMBER(Marking!AD12),Marking!AD12,"") | S12: =IF(AND(ISNUMBER(R12),ISNUMBER(L12)),ROUND(L12-R12,2),"") | T12: =IF(ISNUMBER(D12),ABS(D12),"") | U12: =IF(ISNUMBER(G12),ABS(G12),"") | V12: =IF(ISNUMBER(J12),ABS(J12),"")
A13: =IF(Marking!A13="","",Marking!A13) | B13: =IF(ISNUMBER(Marking!I13),Marking!I13,"") | C13: =IF(ISNUMBER(System!B13),System!B13,"") | D13: =IF(AND(ISNUMBER(B13),ISNUMBER(C13)),ROUND(C13-B13,2),"") | E13: =IF(ISNUMBER(Marking!N13),Marking!N13,"") | F13: =IF(ISNUMBER(System!C13),System!C13,"") | G13: =IF(AND(ISNUMBER(E13),ISNUMBER(F13)),ROUND(F13-E13,2),"") | H13: =IF(ISNUMBER(Marking!Y13),Marking!Y13,"") | I13: =IF(ISNUMBER(System!D13),System!D13,"") | J13: =IF(AND(ISNUMBER(H13),ISNUMBER(I13)),ROUND(I13-H13,2),"") | K13: =IF(ISNUMBER(Marking!AB13),Marking!AB13,"") | L13: =IF(ISNUMBER(System!G13),System!G13,"") | M13: =IF(AND(ISNUMBER(K13),ISNUMBER(L13)),ROUND(L13-K13,2),"") | N13: =IF(ISNUMBER(M13),ABS(M13),"") | O13: =IF(Marking!AC13="","",Marking!AC13) | P13: =IF(System!H13="","",System!H13) | Q13: =IF(AND(O13<>"",P13<>""),IF(O13=P13,"Yes","No"),"") | R13: =IF(ISNUMBER(Marking!AD13),Marking!AD13,"") | S13: =IF(AND(ISNUMBER(R13),ISNUMBER(L13)),ROUND(L13-R13,2),"") | T13: =IF(ISNUMBER(D13),ABS(D13),"") | U13: =IF(ISNUMBER(G13),ABS(G13),"") | V13: =IF(ISNUMBER(J13),ABS(J13),"")
A14: =IF(Marking!A14="","",Marking!A14) | B14: =IF(ISNUMBER(Marking!I14),Marking!I14,"") | C14: =IF(ISNUMBER(System!B14),System!B14,"") | D14: =IF(AND(ISNUMBER(B14),ISNUMBER(C14)),ROUND(C14-B14,2),"") | E14: =IF(ISNUMBER(Marking!N14),Marking!N14,"") | F14: =IF(ISNUMBER(System!C14),System!C14,"") | G14: =IF(AND(ISNUMBER(E14),ISNUMBER(F14)),ROUND(F14-E14,2),"") | H14: =IF(ISNUMBER(Marking!Y14),Marking!Y14,"") | I14: =IF(ISNUMBER(System!D14),System!D14,"") | J14: =IF(AND(ISNUMBER(H14),ISNUMBER(I14)),ROUND(I14-H14,2),"") | K14: =IF(ISNUMBER(Marking!AB14),Marking!AB14,"") | L14: =IF(ISNUMBER(System!G14),System!G14,"") | M14: =IF(AND(ISNUMBER(K14),ISNUMBER(L14)),ROUND(L14-K14,2),"") | N14: =IF(ISNUMBER(M14),ABS(M14),"") | O14: =IF(Marking!AC14="","",Marking!AC14) | P14: =IF(System!H14="","",System!H14) | Q14: =IF(AND(O14<>"",P14<>""),IF(O14=P14,"Yes","No"),"") | R14: =IF(ISNUMBER(Marking!AD14),Marking!AD14,"") | S14: =IF(AND(ISNUMBER(R14),ISNUMBER(L14)),ROUND(L14-R14,2),"") | T14: =IF(ISNUMBER(D14),ABS(D14),"") | U14: =IF(ISNUMBER(G14),ABS(G14),"") | V14: =IF(ISNUMBER(J14),ABS(J14),"")
A15: =IF(Marking!A15="","",Marking!A15) | B15: =IF(ISNUMBER(Marking!I15),Marking!I15,"") | C15: =IF(ISNUMBER(System!B15),System!B15,"") | D15: =IF(AND(ISNUMBER(B15),ISNUMBER(C15)),ROUND(C15-B15,2),"") | E15: =IF(ISNUMBER(Marking!N15),Marking!N15,"") | F15: =IF(ISNUMBER(System!C15),System!C15,"") | G15: =IF(AND(ISNUMBER(E15),ISNUMBER(F15)),ROUND(F15-E15,2),"") | H15: =IF(ISNUMBER(Marking!Y15),Marking!Y15,"") | I15: =IF(ISNUMBER(System!D15),System!D15,"") | J15: =IF(AND(ISNUMBER(H15),ISNUMBER(I15)),ROUND(I15-H15,2),"") | K15: =IF(ISNUMBER(Marking!AB15),Marking!AB15,"") | L15: =IF(ISNUMBER(System!G15),System!G15,"") | M15: =IF(AND(ISNUMBER(K15),ISNUMBER(L15)),ROUND(L15-K15,2),"") | N15: =IF(ISNUMBER(M15),ABS(M15),"") | O15: =IF(Marking!AC15="","",Marking!AC15) | P15: =IF(System!H15="","",System!H15) | Q15: =IF(AND(O15<>"",P15<>""),IF(O15=P15,"Yes","No"),"") | R15: =IF(ISNUMBER(Marking!AD15),Marking!AD15,"") | S15: =IF(AND(ISNUMBER(R15),ISNUMBER(L15)),ROUND(L15-R15,2),"") | T15: =IF(ISNUMBER(D15),ABS(D15),"") | U15: =IF(ISNUMBER(G15),ABS(G15),"") | V15: =IF(ISNUMBER(J15),ABS(J15),"")
A16: =IF(Marking!A16="","",Marking!A16) | B16: =IF(ISNUMBER(Marking!I16),Marking!I16,"") | C16: =IF(ISNUMBER(System!B16),System!B16,"") | D16: =IF(AND(ISNUMBER(B16),ISNUMBER(C16)),ROUND(C16-B16,2),"") | E16: =IF(ISNUMBER(Marking!N16),Marking!N16,"") | F16: =IF(ISNUMBER(System!C16),System!C16,"") | G16: =IF(AND(ISNUMBER(E16),ISNUMBER(F16)),ROUND(F16-E16,2),"") | H16: =IF(ISNUMBER(Marking!Y16),Marking!Y16,"") | I16: =IF(ISNUMBER(System!D16),System!D16,"") | J16: =IF(AND(ISNUMBER(H16),ISNUMBER(I16)),ROUND(I16-H16,2),"") | K16: =IF(ISNUMBER(Marking!AB16),Marking!AB16,"") | L16: =IF(ISNUMBER(System!G16),System!G16,"") | M16: =IF(AND(ISNUMBER(K16),ISNUMBER(L16)),ROUND(L16-K16,2),"") | N16: =IF(ISNUMBER(M16),ABS(M16),"") | O16: =IF(Marking!AC16="","",Marking!AC16) | P16: =IF(System!H16="","",System!H16) | Q16: =IF(AND(O16<>"",P16<>""),IF(O16=P16,"Yes","No"),"") | R16: =IF(ISNUMBER(Marking!AD16),Marking!AD16,"") | S16: =IF(AND(ISNUMBER(R16),ISNUMBER(L16)),ROUND(L16-R16,2),"") | T16: =IF(ISNUMBER(D16),ABS(D16),"") | U16: =IF(ISNUMBER(G16),ABS(G16),"") | V16: =IF(ISNUMBER(J16),ABS(J16),"")
... A24: =IF(Marking!A24="","",Marking!A24) | B24: =IF(ISNUMBER(Marking!I24),Marking!I24,"") | C24: =IF(ISNUMBER(System!B24),System!B24,"") | D24: =IF(AND(ISNUMBER(B24),ISNUMBER(C24)),ROUND(C24-B24,2),"") | E24: =IF(ISNUMBER(Marking!N24),Marking!N24,"") | F24: =IF(ISNUMBER(System!C24),System!C24,"") | G24: =IF(AND(ISNUMBER(E24),ISNUMBER(F24)),ROUND(F24-E24,2),"") | H24: =IF(ISNUMBER(Marking!Y24),Marking!Y24,"") | I24: =IF(ISNUMBER(System!D24),System!D24,"") | J24: =IF(AND(ISNUMBER(H24),ISNUMBER(I24)),ROUND(I24-H24,2),"") | K24: =IF(ISNUMBER(Marking!AB24),Marking!AB24,"") | L24: =IF(ISNUMBER(System!G24),System!G24,"") | M24: =IF(AND(ISNUMBER(K24),ISNUMBER(L24)),ROUND(L24-K24,2),"") | N24: =IF(ISNUMBER(M24),ABS(M24),"") | O24: =IF(Marking!AC24="","",Marking!AC24) | P24: =IF(System!H24="","",System!H24) | Q24: =IF(AND(O24<>"",P24<>""),IF(O24=P24,"Yes","No"),"") | R24: =IF(ISNUMBER(Marking!AD24),Marking!AD24,"") | S24: =IF(AND(ISNUMBER(R24),ISNUMBER(L24)),ROUND(L24-R24,2),"") | T24: =IF(ISNUMBER(D24),ABS(D24),"") | U24: =IF(ISNUMBER(G24),ABS(G24),"") | V24: =IF(ISNUMBER(J24),ABS(J24),"")
A27: Summary
A28: Videos compared (final mark) | D28: =COUNT(M5:M24)
A29: Mean absolute error - Engagement | D29: =IFERROR(AVERAGE(T5:T24),"")
A30: Mean absolute error - Voice / Audio | D30: =IFERROR(AVERAGE(U5:U24),"")
A31: Mean absolute error - Speech / Transcript | D31: =IFERROR(AVERAGE(V5:V24),"")
A32: Mean absolute error - Final mark | D32: =IFERROR(AVERAGE(N5:N24),"")
A33: Mean bias - Final (System minus Examiner) | D33: =IFERROR(AVERAGE(M5:M24),"")
A34: Correlation of final marks (Pearson r) | D34: =IFERROR(CORREL(K5:K24,L5:L24),"")
A35: Final within +/-5 marks | D35: =COUNTIFS(N5:N24,"<=5")
A36: Final within +/-10 marks | D36: =COUNTIFS(N5:N24,"<=10")
A37: Grade agreement (%) | D37: =IFERROR(COUNTIF(Q5:Q24,"Yes")/(COUNTIF(Q5:Q24,"Yes")+COUNTIF(Q5:Q24,"No"))*100,"")

Sheet Reference
A1: Conversion reference (used by the Marking sheet formulas)
A3: Score out of 10 = 10 x (1 - n / limit), never below 0. Limits: hedges 8, fillers 12, long pauses 6.
A5: Count n | B5: 0 | C5: 1 | D5: 2 | E5: 3 | F5: 4 | G5: 5 | H5: 6 | I5: 7 | J5: 8 | K5: 9 | L5: 10 | M5: 11 | N5: 12
A6: Hedge phrases | B6: 10 | C6: 8.75 | D6: 7.5 | E6: 6.25 | F6: 5 | G6: 3.75 | H6: 2.5 | I6: 1.25 | J6: 0 | K6: 0 | L6: 0 | M6: 0 | N6: 0
A7: Filler words | B7: 10 | C7: 9.17 | D7: 8.33 | E7: 7.5 | F7: 6.67 | G7: 5.83 | H7: 5 | I7: 4.17 | J7: 3.33 | K7: 2.5 | L7: 1.67 | M7: 0.83 | N7: 0
A8: Long pauses | B8: 10 | C8: 8.33 | D8: 6.67 | E8: 5 | F8: 3.33 | G8: 1.67 | H8: 0 | I8: 0 | J8: 0 | K8: 0 | L8: 0 | M8: 0 | N8: 0
A10: Pace: 120-160 words per minute = In band (10). Too slow or too fast = 6.5.
A11: Sentence completion: score = percent of sentences completed / 10.
A13: Grade bands
A14: A+ | B14: 90-100
A15: A | B15: 80-89
A16: B+ | B16: 70-79
A17: B | B17: 60-69
A18: C+ | B18: 50-59
A19: C | B19: 40-49
A20: F | B20: 0-39
